Index,Timestamp_US,RSSI
0,101602438,-42
1,101602907,-41
2,101604188,-42
3,101604272,-42
4,101604467,-42
5,101604578,-42
6,101604662,-42
7,101604791,-42
8,101604902,-42
9,101605031,-42
10,101605124,-42
11,101605217,-42
12,101605319,-42
13,101605474,-42
14,101605567,-42
15,101605806,-42
16,101605950,-42
17,101606091,-42
18,101606202,-42
19,101606433,-41
20,101606544,-42
21,101606628,-42
22,101606739,-42
23,101606832,-42
24,101606952,-42
25,101607045,-42
26,101607129,-42
27,101607213,-42
28,101607342,-42
29,101607453,-42
30,101607564,-42
31,101607675,-42
32,101607795,-42
33,101607906,-42
34,101608008,-42
35,101608092,-42
36,101608282,-42
37,101608393,-42
38,101608531,-42
39,101608642,-42
40,101608789,-42
41,101608909,-42
42,101609029,-42
43,101609122,-42
44,101609206,-42
45,101609326,-42
46,101609446,-42
47,101609557,-42
48,101609704,-42
49,101610179,-42
50,101611093,-42
51,101611204,-42
52,101611315,-42
53,101611426,-42
54,101611528,-42
55,101611621,-42
56,101611750,-42
57,101611834,-42
58,101611927,-42
59,101612047,-42
60,101612849,-42
61,101612994,-42
62,101613096,-42
63,101613327,-42
64,101613483,-42
65,101613635,-42
66,101613782,-42
67,101613948,-42
68,101614041,-42
69,101614143,-42
70,101614265,-42
71,101614860,-42
72,101614944,-42
73,101615037,-42
74,101615165,-42
75,101615267,-42
76,101615414,-42
77,101615498,-42
78,101615627,-42
79,101615827,-42
80,101615929,-42
81,101616040,-42
82,101616159,-42
83,101616243,-42
84,101616390,-42
85,101616492,-42
86,101616585,-42
87,101616696,-42
88,101616780,-42
89,101616900,-42
90,101617002,-42
91,101617150,-42
92,101617294,-42
93,101617387,-42
94,101617480,-42
95,101617591,-42
96,101617702,-41
97,101617786,-42
98,101617897,-42
99,101617981,-42
100,101618092,-42
101,101618203,-42
102,101618314,-42
103,101618407,-42
104,101618509,-42
105,101618638,-42
106,101618767,-42
107,101618887,-42
108,101618980,-42
109,101619118,-42
110,101619256,-42
111,101619340,-42
112,101619424,-42
113,101619535,-42
114,101619664,-42
115,101619894,-42
116,101620201,-42
117,101620294,-42
118,101620525,-42
119,101620627,-42
120,101620720,-42
121,101620822,-42
122,101620924,-42
123,101621008,-42
124,101621146,-42
125,101621248,-42
126,101621404,-42
127,101621533,-42
128,101621662,-42
129,101621796,-42
130,101621898,-42
131,101622000,-42
132,101622084,-42
133,101622204,-42
134,101622288,-42
135,101622417,-42
136,101623010,-42
137,101623220,-42
138,101623533,-42
139,101623644,-42
140,101623764,-42
141,101623902,-42
142,101624022,-42
143,101624142,-42
144,101624226,-42
145,101624328,-42
146,101624479,-42
147,101625727,-42
148,101625838,-42
149,101625976,-42
150,101626126,-42
151,101626423,-42
152,101626516,-42
153,101626645,-42
154,101627079,-42
155,101627181,-42
156,101627394,-42
157,101627478,-42
158,101627571,-42
159,101627682,-42
160,101627838,-42
161,101628051,-42
162,101628135,-42
163,101628573,-42
164,101628684,-41
165,101628795,-42
166,101628932,-42
167,101629054,-42
168,101629156,-42
169,101629267,-42
170,101629423,-42
171,101629552,-42
172,101629690,-42
173,101629783,-42
174,101629876,-42
175,101629987,-42
176,101630107,-42
177,101630227,-42
178,101630383,-42
179,101630503,-42
180,101630650,-42
181,101630761,-42
182,101630863,-42
183,101630983,-42
184,101631130,-42
185,101631250,-42
186,101632027,-42
187,101632138,-42
188,101632402,-42
189,101632522,-42
190,101632642,-42
191,101632771,-42
192,101632891,-42
193,101632984,-42
194,101633104,-42
195,101633395,-42
196,101633593,-41
197,101633740,-42
198,101633842,-42
199,101633989,-41
200,101634100,-42
201,101634202,-42
202,101634331,-42
203,101636025,-42
204,101636136,-42
205,101636238,-42
206,101636349,-42
207,101636451,-42
208,101636544,-42
209,101636673,-42
210,101636793,-42
211,101636913,-42
212,101637015,-42
213,101637117,-42
214,101637312,-42
215,101637534,-42
216,101637627,-42
217,101637756,-42
218,101637926,-42
219,101638019,-42
220,101638121,-42
221,101638205,-42
222,101638316,-42
223,101638472,-42
224,101638598,-42
225,101638727,-42
226,101638847,-42
227,101638985,-42
228,101639087,-42
229,101639207,-42
230,101640154,-42
231,101640367,-42
232,101640478,-42
233,101640571,-42
234,101640700,-42
235,101640838,-42
236,101640949,-42
237,101641060,-42
238,101641171,-42
239,101641340,-42
240,101641442,-42
241,101641562,-42
242,101641687,-42
243,101641789,-42
244,101641882,-42
245,101642002,-42
246,101642113,-42
247,101642224,-42
248,101642835,-41
249,101643594,-42
250,101643696,-42
251,101643834,-42
252,101643945,-42
253,101644029,-42
254,101644140,-42
255,101644251,-42
256,101644362,-42
257,101644509,-42
258,101644593,-42
259,101644695,-42
260,101644788,-42
261,101644928,-42
262,101645039,-42
263,101645123,-42
264,101645243,-42
265,101645365,-42
266,101645529,-42
267,101645658,-42
268,101645760,-42
269,101645889,-42
270,101645991,-42
271,101646138,-42
272,101646249,-42
273,101646351,-42
274,101646453,-42
275,101646621,-42
276,101646732,-42
277,101646888,-42
278,101646990,-42
279,101647074,-42
280,101647497,-42
281,101647590,-42
282,101647701,-42
283,101647812,-42
284,101647905,-42
285,101648025,-42
286,101648136,-42
287,101648238,-42
288,101648322,-42
289,101648424,-42
290,101648544,-42
291,101648664,-42
292,101648784,-42
293,101648953,-42
294,101649064,-42
295,101649174,-42
296,101649285,-42
297,101649405,-42
298,101649516,-42
299,101649601,-42
300,101649702,-42
301,101649787,-42
302,101649880,-42
303,101649999,-42
304,101650118,-42
305,101650295,-42
306,101650433,-42
307,101650571,-42
308,101650727,-42
309,101650838,-42
310,101650923,-42
311,101651033,-42
312,101651126,-42
313,101651228,-42
314,101651348,-42
315,101651483,-42
316,101651639,-42
317,101652448,-42
318,101652568,-42
319,101652679,-42
320,101652808,-42
321,101652892,-42
322,101652994,-42
323,101653078,-42
324,101653171,-42
325,101653535,-42
326,101653646,-42
327,101653730,-42
328,101653850,-42
329,101653961,-42
330,101654045,-42
331,101654138,-42
332,101654231,-42
333,101654324,-42
334,101654426,-42
335,101654573,-42
336,101654684,-42
337,101654795,-42
338,101655228,-42
339,101657307,-42
340,101657457,-42
341,101657602,-42
342,101657713,-42
343,101657815,-42
344,101658012,-42
345,101658123,-42
346,101658216,-42
347,101658309,-42
348,101658438,-42
349,101658540,-42
350,101659117,-42
351,101659228,-42
352,101659459,-42
353,101659579,-42
354,101659780,-42
355,101659907,-42
356,101660018,-42
357,101660120,-42
358,101660213,-42
359,101660297,-42
360,101660390,-42
361,101660474,-42
362,101660567,-42
363,101660687,-42
364,101660771,-42
365,101660891,-42
366,101660984,-42
367,101661095,-42
368,101661326,-42
369,101661539,-42
370,101661668,-42
371,101661797,-42
372,101661917,-42
373,101662019,-42
374,101662139,-42
375,101662259,-42
376,101662527,-42
377,101662620,-42
378,101662731,-42
379,101662824,-42
380,101662926,-42
381,101663037,-42
382,101663139,-42
383,101663232,-42
384,101663334,-42
385,101663499,-42
386,101663646,-42
387,101663757,-42
388,101663895,-42
389,101664006,-42
390,101664099,-42
391,101664237,-42
392,101664348,-42
393,101664459,-42
394,101664570,-42
395,101664690,-42
396,101664864,-42
397,101664975,-42
398,101665095,-42
399,101665197,-42
400,101665344,-42
401,101665505,-42
402,101665598,-42
403,101665691,-42
404,101665775,-42
405,101665895,-42
406,101665979,-42
407,101666108,-41
408,101667500,-42
409,101667611,-42
410,101667731,-42
411,101667833,-42
412,101668662,-42
413,101669037,-42
414,101673090,-42
415,101673609,-41
416,101676869,-42
417,101683744,-42
418,101683975,-42
419,101684649,-42
420,101684742,-42
421,101684880,-42
422,101684964,-42
423,101691882,-42
424,101691993,-42
425,101694988,-42
426,101695090,-42
427,101695239,-41
428,101696160,-42
429,101696280,-42
430,101697266,-42
431,101697386,-42
432,101697879,-42
433,101699351,-42
434,101699462,-42
435,101699573,-42
436,101699675,-42
437,101699777,-42
438,101699870,-42
439,101700134,-42
440,101700245,-42
441,101700356,-42
442,101700458,-42
443,101700569,-42
444,101700689,-42
445,101700809,-42
446,101700918,-41
447,101701094,-42
448,101701645,-42
449,101701738,-42
450,101701867,-42
451,101701987,-42
452,101702107,-42
453,101702200,-42
454,101702311,-42
455,101702404,-42
456,101702542,-42
457,101702662,-42
458,101702773,-41
459,101702893,-42
460,101705921,-42
461,101706041,-42
462,101706161,-42
463,101706419,-41
464,101706548,-42
465,101706686,-42
466,101706770,-42
467,101706881,-42
468,101706965,-42
469,101707067,-42
470,101707169,-42
471,101707262,-42
472,101707364,-42
473,101707448,-42
474,101707586,-42
475,101708152,-42
476,101708245,-42
477,101708356,-41
478,101708494,-42
479,101708605,-42
480,101708716,-42
481,101708818,-42
482,101708920,-42
483,101709022,-42
484,101709151,-42
485,101709253,-42
486,101709400,-42
487,101709502,-42
488,101709613,-42
489,101709715,-41
490,101709826,-42
491,101709946,-42
492,101710048,-42
493,101710168,-42
494,101710279,-42
495,101710435,-42
496,101710591,-42
497,101710693,-42
498,101710795,-42
499,101710915,-42
500,101710999,-42
501,101711083,-42
502,101711194,-42
503,101711305,-42
504,101711425,-42
505,101711527,-42
506,101711620,-42
507,101711713,-42
508,101711806,-42
509,101711890,-42
510,101712001,-42
511,101712085,-42
512,101712201,-42
513,101712303,-42
514,101712414,-42
515,101712954,-42
516,101713852,-42
517,101713972,-42
518,101714110,-42
519,101714203,-42
520,101714323,-42
521,101714425,-42
522,101714545,-42
523,101714683,-42
524,101714812,-42
525,101715044,-42
526,101715239,-42
527,101715350,-42
528,101715434,-42
529,101715563,-42
530,101715665,-42
531,101715794,-42
532,101715887,-42
533,101715980,-42
534,101716073,-42
535,101716193,-41
536,101716424,-42
537,101716544,-42
538,101717239,-42
539,101717332,-42
540,101717461,-42
541,101717572,-42
542,101717692,-42
543,101717785,-42
544,101717896,-42
545,101717998,-41
546,101718118,-42
547,101718202,-42
548,101718430,-42
549,101718532,-42
550,101718652,-42
551,101718763,-42
552,101718883,-42
553,101719003,-42
554,101719132,-42
555,101719225,-42
556,101719309,-42
557,101719393,-42
558,101719477,-42
559,101719717,-42
560,101719891,-42
561,101719984,-42
562,101720068,-42
563,101720290,-42
564,101720410,-42
565,101720521,-42
566,101720632,-42
567,101720743,-41
568,101720827,-42
569,101720929,-42
570,101721049,-42
571,101721151,-42
572,101721459,-42
573,101721570,-42
574,101721672,-42
575,101721757,-42
576,101721858,-42
577,101722043,-42
578,101722136,-42
579,101722247,-42
580,101722376,-42
581,101722470,-41
582,101722762,-42
583,101722864,-42
584,101722957,-42
585,101723289,-42
586,101723382,-42
587,101723529,-42
588,101723622,-42
589,101723715,-42
590,101724080,-42
591,101724173,-42
592,101724266,-42
593,101724404,-42
594,101724542,-42
595,101724644,-42
596,101724764,-42
597,101725220,-42
598,101725313,-42
599,101725451,-42
600,101727681,-42
601,101727783,-42
602,101727903,-42
603,101728014,-42
604,101728125,-42
605,101728218,-42
606,101728338,-42
607,101728440,-42
608,101728533,-42
609,101728671,-42
610,101728782,-42
611,101728893,-42
612,101728986,-42
613,101729088,-42
614,101729172,-42
615,101729412,-42
616,101729514,-42
617,101729634,-42
618,101731004,-42
619,101731350,-42
620,101731502,-42
621,101731976,-42
622,101734391,-42
623,101734511,-42
624,101734613,-42
625,101734706,-42
626,101734825,-42
627,101734936,-42
628,101735029,-42
629,101735113,-42
630,101735224,-42
631,101735335,-42
632,101735455,-42
633,101735575,-42
634,101735829,-42
635,101735992,-42
636,101736076,-42
637,101736196,-42
638,101736316,-42
639,101736445,-42
640,101736538,-42
641,101736640,-42
642,101736733,-42
643,101736835,-42
644,101736919,-42
645,101737012,-42
646,101737140,-42
647,101737233,-42
648,101737317,-42
649,101737419,-42
650,101737530,-42
651,101737641,-42
652,101737752,-42
653,101738444,-42
654,101738564,-42
655,101738729,-42
656,101738840,-42
657,101738951,-42
658,101739062,-42
659,101739164,-42
660,101740777,-42
661,101740975,-42
662,101741068,-42
663,101741152,-42
664,101742578,-42
665,101742680,-41
666,101742773,-42
667,101742884,-42
668,101742986,-42
669,101743220,-42
670,101743331,-42
671,101743460,-42
672,101743562,-42
673,101743655,-42
674,101743864,-42
675,101743948,-42
676,101744041,-42
677,101744407,-41
678,101744546,-42
679,101744673,-42
680,101744784,-42
681,101745144,-42
682,101745255,-42
683,101745348,-42
684,101746935,-42
685,101747407,-42
686,101747500,-42
687,101749549,-42
688,101749744,-42
689,101749837,-42
690,101749967,-42
691,101750240,-42
692,101750351,-42
693,101750470,-42
694,101750563,-42
695,101750677,-42
696,101750818,-42
697,101750920,-42
698,101751031,-42
699,101751124,-42
700,101751235,-42
701,101751346,-42
702,101751514,-42
703,101751615,-41
704,101751699,-42
705,101751810,-41
706,101751930,-42
707,101752014,-42
708,101752125,-42
709,101752218,-42
710,101752923,-42
711,101753016,-42
712,101755652,-42
713,101755844,-42
714,101756791,-42
715,101757169,-42
716,101757289,-42
717,101757445,-42
718,101757565,-42
719,101757685,-42
720,101757905,-42
721,101758138,-42
722,101758222,-42
723,101758471,-42
724,101758618,-42
725,101758760,-42
726,101758950,-42
727,101759061,-42
728,101759163,-42
729,101759256,-42
730,101759421,-42
731,101759611,-42
732,101759722,-42
733,101759833,-42
734,101759951,-42
735,101760106,-42
736,101760190,-42
737,101760274,-42
738,101760416,-42
739,101760518,-42
740,101760629,-42
741,101760807,-42
742,101760900,-42
743,101761002,-42
744,101761146,-42
745,101761257,-42
746,101761377,-42
747,101762827,-42
748,101763150,-42
749,101763340,-42
750,101763649,-42
751,101763742,-42
752,101763835,-42
753,101763946,-42
754,101764039,-42
755,101764141,-42
756,101764225,-42
757,101764336,-42
758,101764483,-42
759,101764621,-42
760,101764732,-42
761,101764825,-42
762,101764954,-42
763,101765056,-42
764,101765140,-42
765,101765251,-42
766,101765623,-42
767,101765716,-42
768,101765845,-42
769,101765965,-42
770,101766058,-42
771,101766196,-41
772,101766280,-42
773,101766511,-42
774,101766631,-42
775,101766769,-42
776,101766880,-42
777,101766982,-42
778,101767111,-42
779,101767231,-42
780,101767324,-42
781,101767469,-42
782,101768624,-42
783,101768717,-42
784,101770584,-42
785,101770796,-42
786,101770992,-42
787,101771085,-42
788,101771187,-42
789,101771316,-42
790,101771427,-42
791,101771538,-42
792,101771649,-41
793,101771742,-42
794,101771862,-42
795,101771982,-42
796,101772084,-42
797,101772195,-42
798,101772333,-42
799,101772489,-42
800,101772591,-42
801,101772800,-42
802,101772902,-42
803,101772995,-42
804,101773142,-42
805,101773326,-42
806,101773473,-42
807,101773584,-42
808,101773740,-42
809,101773851,-42
810,101774353,-42
811,101774464,-42
812,101774620,-42
813,101774740,-42
814,101775277,-42
815,101775370,-42
816,101775490,-42
817,101775619,-42
818,101775721,-42
819,101775805,-42
820,101775995,-42
821,101776106,-42
822,101776208,-42
823,101776310,-42
824,101776430,-42
825,101776541,-42
826,101776643,-41
827,101776745,-42
828,101776856,-42
829,101776940,-42
830,101777443,-42
831,101777554,-42
832,101777665,-42
833,101777986,-42
834,101778070,-42
835,101778274,-42
836,101778385,-42
837,101778469,-42
838,101778580,-42
839,101778709,-41
840,101778802,-42
841,101778886,-42
842,101778988,-42
843,101779081,-42
844,101779192,-42
845,101779285,-42
846,101779405,-42
847,101779516,-42
848,101779645,-42
849,101779756,-42
850,101779858,-89
851,101780022,-41
852,101780115,-42
853,101780226,-42
854,101780346,-41
855,101780430,-42
856,101780523,-42
857,101780616,-41
858,101780736,-41
859,101780847,-42
860,101781230,-42
861,101784276,-42
862,101787097,-42
863,101787487,-42
864,101790135,-42
865,101790348,-42
866,101790459,-42
867,101790543,-42
868,101790663,-42
869,101790765,-42
870,101790858,-42
871,101790951,-42
872,101793120,-42
873,101794530,-42
874,101795817,-42
875,101795928,-42
876,101796048,-42
877,101796261,-42
878,101796399,-42
879,101796564,-42
880,101796675,-42
881,101796759,-42
882,101797184,-42
883,101797286,-42
884,101797605,-42
885,101797716,-42
886,101797818,-42
887,101797929,-42
888,101798341,-42
889,101798572,-42
890,101798692,-42
891,101798776,-42
892,101798887,-42
893,101798980,-42
894,101799109,-42
895,101799413,-42
896,101799671,-42
897,101799755,-42
898,101800293,-42
899,101800395,-41
900,101800506,-42
901,101800952,-42
902,101801054,-42
903,101802829,-42
904,101802949,-42
905,101803033,-42
906,101803126,-42
907,101803377,-42
908,101803488,-42
909,101803635,-42
910,101803956,-42
911,101804132,-42
912,101804260,-42
913,101804362,-42
914,101804473,-42
915,101804575,-42
916,101804713,-42
917,101804851,-42
918,101804953,-42
919,101805073,-42
920,101805202,-42
921,101805304,-42
922,101805397,-42
923,101805499,-42
924,101805619,-42
925,101805793,-42
926,101805931,-42
927,101806015,-42
928,101806099,-42
929,101806192,-42
930,101806303,-42
931,101806414,-42
932,101806525,-42
933,101806627,-42
934,101806729,-42
935,101806822,-42
936,101806906,-42
937,101807017,-42
938,101809331,-42
939,101809451,-42
940,101811624,-41
941,101811717,-42
942,101811837,-42
943,101811948,-42
944,101812122,-42
945,101812259,-42
946,101812370,-42
947,101812499,-42
948,101812583,-42
949,101812750,-42
950,101812834,-42
951,101812927,-42
952,101813011,-42
953,101813113,-42
954,101813326,-42
955,101813524,-42
956,101813635,-42
957,101813737,-42
958,101813839,-42
959,101813932,-42
960,101814061,-42
961,101814181,-42
962,101814292,-42
963,101814421,-42
964,101814624,-42
965,101815103,-41
966,101815205,-42
967,101815325,-42
968,101815517,-42
969,101815601,-42
970,101815685,-42
971,101815893,-42
972,101815995,-42
973,101816088,-42
974,101816190,-42
975,101816310,-42
976,101816448,-42
977,101816550,-42
978,101816670,-42
979,101816781,-42
980,101816865,-42
981,101816976,-42
982,101817087,-42
983,101817198,-42
984,101817327,-42
985,101817447,-42
986,101817558,-42
987,101817669,-42
988,101817798,-42
989,101817900,-42
990,101817984,-42
991,101818077,-42
992,101818197,-42
993,101818315,-42
994,101818426,-42
995,101818528,-42
996,101818612,-42
997,101818696,-42
998,101818789,-42
999,101818900,-42
1000,101818984,-42
1001,101819068,-42
1002,101819206,-42
1003,101819362,-42
1004,101819491,-42
1005,101819620,-42
1006,101819740,-42
1007,101819842,-42
1008,101819953,-42
1009,101820055,-41
1010,101820148,-42
1011,101820388,-42
1012,101820490,-42
1013,101820574,-42
1014,101820712,-42
1015,101820850,-42
1016,101820943,-42
1017,101821081,-41
1018,101821219,-42
1019,101821321,-42
1020,101823279,-42
1021,101824065,-42
1022,101824158,-42
1023,101824269,-42
1024,101824398,-42
1025,101824545,-42
1026,101824674,-42
1027,101824821,-42
1028,101826402,-42
1029,101826513,-42
1030,101826633,-42
1031,101826744,-42
1032,101826828,-42
1033,101826930,-42
1034,101827023,-42
1035,101827116,-42
1036,101827236,-42
1037,101827338,-42
1038,101827431,-42
1039,101827551,-42
1040,101827644,-42
1041,101827773,-42
1042,101827893,-42
1043,101828022,-42
1044,101828133,-42
1045,101828235,-42
1046,101828346,-42
1047,101828448,-42
1048,101828550,-42
1049,101828679,-42
1050,101828826,-42
1051,101828937,-42
1052,101829039,-42
1053,101829132,-42
1054,101829243,-42
1055,101829372,-42
1056,101829483,-42
1057,101829585,-42
1058,101830254,-42
1059,101830365,-42
1060,101830476,-42
1061,101830560,-42
1062,101830662,-42
1063,101830755,-42
1064,101830848,-42
1065,101830973,-42
1066,101831066,-42
1067,101831159,-42
1068,101831252,-42
1069,101831399,-42
1070,101831535,-42
1071,101831628,-42
1072,101831721,-42
1073,101831832,-42
1074,101831916,-42
1075,101832018,-42
1076,101832111,-42
1077,101832231,-42
1078,101832507,-42
1079,101832627,-42
1080,101832720,-42
1081,101832804,-42
1082,101832915,-42
1083,101833026,-42
1084,101833137,-42
1085,101833239,-42
1086,101833368,-42
1087,101833470,-42
1088,101833581,-42
1089,101833674,-42
1090,101833794,-42
1091,101833932,-42
1092,101834043,-42
1093,101834127,-42
1094,101834264,-42
1095,101834459,-42
1096,101834543,-42
1097,101834690,-42
1098,101834810,-42
1099,101834894,-41
1100,101834978,-42
1101,101835071,-42
1102,101835209,-42
1103,101835338,-42
1104,101835449,-42
1105,101835560,-42
1106,101835662,-42
1107,101835791,-42
1108,101835884,-42
1109,101835986,-42
1110,101836079,-42
1111,101836832,-42
1112,101836925,-42
1113,101837036,-42
1114,101837174,-42
1115,101837267,-42
1116,101837360,-42
1117,101837480,-42
1118,101837627,-42
1119,101837912,-42
1120,101838050,-42
1121,101838143,-42
1122,101838329,-41
1123,101838440,-42
1124,101838569,-42
1125,101838662,-42
1126,101838746,-42
1127,101838830,-42
1128,101838923,-42
1129,101839043,-42
1130,101839163,-42
1131,101839274,-42
1132,101839385,-42
1133,101840833,-42
1134,101840926,-42
1135,101841037,-42
1136,101841175,-42
1137,101841277,-42
1138,101841415,-42
1139,101841508,-42
1140,101841601,-42
1141,101841703,-42
1142,101841796,-42
1143,101841916,-42
1144,101842027,-42
1145,101842138,-42
1146,101842240,-42
1147,101842333,-42
1148,101842480,-42
1149,101842573,-42
1150,101842684,-42
1151,101842768,-42
1152,101842888,-42
1153,101842999,-42
1154,101843119,-42
1155,101843388,-42
1156,101843481,-42
1157,101843574,-42
1158,101843658,-42
1159,101843805,-42
1160,101843916,-42
1161,101844000,-42
1162,101844093,-42
1163,101844306,-42
1164,101844956,-42
1165,101845049,-42
1166,101845160,-42
1167,101845271,-42
1168,101845364,-41
1169,101845457,-42
1170,101845559,-41
1171,101845643,-42
1172,101845754,-42
1173,101845892,-42
1174,101846012,-42
1175,101846132,-42
1176,101846243,-42
1177,101846327,-42
1178,101846420,-42
1179,101846549,-42
1180,101846705,-42
1181,101846834,-42
1182,101846990,-42
1183,101847101,-42
1184,101847203,-42
1185,101847314,-42
1186,101847425,-42
1187,101847527,-42
1188,101847638,-42
1189,101848481,-42
1190,101848565,-42
1191,101848685,-42
1192,101848796,-42
1193,101849336,-42
1194,101850267,-42
1195,101850360,-42
1196,101850453,-42
1197,101850564,-42
1198,101850657,-42
1199,101850777,-42
1200,101850870,-42
1201,101850981,-42
1202,101851065,-42
1203,101851176,-42
1204,101851269,-42
1205,101851353,-42
1206,101851437,-42
1207,101851521,-42
1208,101851614,-42
1209,101855293,-42
1210,101855395,-42
1211,101855596,-42
1212,101855707,-42
1213,101855844,-42
1214,101855990,-42
1215,101856416,-42
1216,101856527,-42
1217,101857976,-42
1218,101858141,-42
1219,101858281,-42
1220,101858365,-41
1221,101858485,-41
1222,101858578,-42
1223,101858689,-42
1224,101858773,-42
1225,101858923,-42
1226,101859007,-42
1227,101859100,-42
1228,101859207,-42
1229,101859327,-42
1230,101859429,-42
1231,101859522,-42
1232,101859642,-42
1233,101859735,-42
1234,101859846,-42
1235,101859948,-42
1236,101860032,-42
1237,101860152,-42
1238,101860245,-42
1239,101860356,-42
1240,101860476,-42
1241,101860578,-42
1242,101860689,-42
1243,101860791,-42
1244,101860893,-42
1245,101860995,-42
1246,101861106,-42
1247,101861199,-42
1248,101861436,-42
1249,101861529,-42
1250,101861658,-42
1251,101861760,-42
1252,101861889,-42
1253,101862067,-42
1254,101862826,-42
1255,101862984,-42
1256,101863086,-42
1257,101863218,-42
1258,101863311,-42
1259,101863413,-42
1260,101863497,-42
1261,101863626,-42
1262,101863746,-42
1263,101863963,-41
1264,101865888,-42
1265,101866008,-42
1266,101866155,-42
1267,101872745,-42
1268,101874069,-42
1269,101874198,-42
1270,101874282,-42
1271,101874393,-42
1272,101874522,-42
1273,101874651,-42
1274,101874753,-42
1275,101878503,-42
1276,101879564,-42
1277,101879822,-42
1278,101879942,-41
1279,101880053,-42
1280,101880146,-42
1281,101880341,-42
1282,101880443,-42
1283,101880563,-41
1284,101880752,-42
1285,101881398,-42
1286,101881509,-42
1287,101881611,-42
1288,101881704,-42
1289,101881824,-42
1290,101884098,-42
1291,101885448,-42
1292,101886283,-42
1293,101886471,-42
1294,101891732,-42
1295,101892394,-42
1296,101892496,-42
1297,101892598,-42
1298,101894185,-42
1299,101896531,-42
1300,101896624,-41
1301,101896708,-42
1302,101896819,-42
1303,101896930,-42
1304,101897023,-42
1305,101897134,-42
1306,101897245,-42
1307,101908000,-42
1308,101909992,-42
1309,101910094,-42
1310,101910196,-42
1311,101910289,-42
1312,101910391,-42
1313,101910484,-42
1314,101910595,-42
1315,101910715,-42
1316,101913947,-42
1317,101919800,-41
1318,101919911,-42
1319,101921573,-42
1320,101921795,-42
1321,101921888,-42
1322,101922750,-42
1323,101922861,-42
1324,101922990,-42
1325,101923101,-42
1326,101923194,-42
1327,101923380,-42
1328,101923473,-42
1329,101923593,-42
1330,101927024,-42
1331,101927709,-42
1332,101927870,-42
1333,101927954,-42
1334,101928065,-42
1335,101928184,-42
1336,101928295,-42
1337,101928406,-42
1338,101928508,-42
1339,101929294,-42
1340,101929396,-42
1341,101929489,-42
1342,101929618,-42
1343,101929720,-42
1344,101930880,-41
1345,101930973,-42
1346,101931093,-42
1347,101931204,-42
1348,101931315,-42
1349,101931462,-42
1350,101931826,-42
1351,101931928,-42
1352,101932030,-42
1353,101938305,-42
1354,101938416,-42
1355,101939280,-42
1356,101939390,-42
1357,101939493,-42
1358,101939595,-42
1359,101939697,-42
1360,101939891,-42
1361,101940077,-42
1362,101940301,-42
1363,101945662,-42
1364,101945764,-42
1365,101945884,-42
1366,101946022,-42
1367,101946191,-42
1368,101949132,-42
1369,101949243,-42
1370,101951259,-42
1371,101951472,-42
1372,101951583,-42
1373,101951676,-42
1374,101954418,-42
1375,101955472,-42
1376,101959998,-42
1377,101960206,-42
1378,101960343,-42
1379,101960436,-42
1380,101960538,-42
1381,101960649,-42
1382,101960733,-42
1383,101960835,-42
1384,101961191,-42
1385,101961293,-42
1386,101961471,-42
1387,101961555,-42
1388,101961675,-42
1389,101961777,-42
1390,101961879,-42
1391,101966269,-42
1392,101966362,-42
1393,101966547,-42
1394,101966683,-42
1395,101966794,-42
1396,101966905,-42
1397,101967456,-42
1398,101971329,-42
1399,101971584,-42
1400,101972071,-42
1401,101973299,-42
1402,101974928,-42
1403,101975256,-42
1404,101976889,-42
1405,101977156,-42
1406,101977240,-42
1407,101978392,-42
1408,101978908,-42
1409,101979010,-42
1410,101979112,-42
1411,101980905,-42
1412,101982266,-42
1413,101982386,-42
1414,101982524,-42
1415,101982635,-42
1416,101988036,-42
1417,101988682,-42
1418,101990675,-41
1419,101990777,-41
1420,101991035,-41
1421,101991182,-42
1422,101991266,-42
1423,101991418,-42
1424,101991520,-42
1425,101996408,-42
1426,101996630,-42
1427,101996723,-42
1428,101998554,-42
1429,101998750,-42
1430,101999424,-42
1431,102002504,-42
1432,102004200,-42
1433,102004320,-42
1434,102004413,-42
1435,102004524,-42
1436,102004617,-42
1437,102004710,-42
1438,102004821,-42
1439,102004932,-42
1440,102005052,-42
1441,102005154,-42
1442,102010030,-42
1443,102013068,-42
1444,102013741,-42
1445,102016698,-42
1446,102022504,-42
1447,102023750,-42
1448,102023906,-42
1449,102024085,-42
1450,102024289,-42
1451,102024556,-42
1452,102024703,-42
1453,102032357,-41
1454,102033021,-42
1455,102033114,-42
1456,102035179,-42
1457,102035281,-42
1458,102035428,-42
1459,102035521,-42
1460,102035677,-42
1461,102035797,-42
1462,102035926,-42
1463,102036010,-42
1464,102036112,-42
1465,102036214,-42
1466,102036334,-42
1467,102036445,-42
1468,102036538,-42
1469,102040620,-42
1470,102040713,-42
1471,102041606,-42
1472,102041708,-42
1473,102041819,-42
1474,102041939,-42
1475,102042023,-42
1476,102043994,-42
1477,102044225,-42
1478,102044327,-42
1479,102044465,-42
1480,102044549,-42
1481,102044660,-42
1482,102044753,-42
1483,102044846,-42
1484,102044948,-42
1485,102045032,-40
1486,102045618,-42
1487,102045729,-42
1488,102048471,-42
1489,102048582,-42
1490,102048754,-42
1491,102050804,-42
1492,102051035,-42
1493,102051128,-42
1494,102053380,-42
1495,102053500,-42
1496,102058893,-42
1497,102060553,-42
1498,102060700,-42
1499,102064034,-42
1500,102064135,-42
1501,102064273,-42
1502,102064513,-42
1503,102064624,-42
1504,102064761,-42
1505,102064854,-42
1506,102064956,-42
1507,102065040,-42
1508,102065151,-42
1509,102065950,-42
1510,102068675,-42
1511,102069020,-42
1512,102070179,-42
1513,102070290,-42
1514,102070374,-42
1515,102070486,-42
1516,102072661,-42
1517,102073055,-42
1518,102074288,-42
1519,102074408,-42
1520,102074501,-42
1521,102074621,-42
1522,102074723,-42
1523,102074816,-42
1524,102076107,-42
1525,102076200,-42
1526,102076329,-42
1527,102076571,-42
1528,102078120,-42
1529,102078222,-42
1530,102078351,-42
1531,102078480,-42
1532,102080235,-42
1533,102080403,-42
1534,102082343,-42
1535,102084247,-42
1536,102084349,-42
1537,102085195,-42
1538,102085315,-42
1539,102087881,-42
1540,102087974,-42
1541,102088085,-42
1542,102088187,-42
1543,102088331,-42
1544,102088415,-42
1545,102088526,-42
1546,102088664,-42
1547,102090586,-41
1548,102101882,-42
1549,102102041,-42
1550,102102125,-42
1551,102102419,-42
1552,102102521,-42
1553,102102641,-42
1554,102102734,-42
1555,102102845,-42
1556,102102947,-42
1557,102103162,-42
1558,102103264,-42
1559,102103357,-42
1560,102104231,-42
1561,102105577,-42
1562,102105688,-42
1563,102106118,-42
1564,102106229,-42
1565,102108490,-42
1566,102108610,-42
1567,102108757,-42
1568,102109942,-42
1569,102111950,-42
1570,102112270,-42
1571,102112417,-42
1572,102112564,-42
1573,102112693,-42
1574,102112795,-42
1575,102112897,-42
1576,102113435,-42
1577,102113537,-42
1578,102113657,-42
1579,102113741,-42
1580,102117051,-42
1581,102117171,-42
1582,102119656,-42
1583,102119851,-42
1584,102119953,-42
1585,102120091,-42
1586,102120262,-42
1587,102120474,-42
1588,102120871,-42
1589,102120964,-42
1590,102121066,-42
1591,102123690,-42
1592,102123801,-42
1593,102123903,-42
1594,102124005,-42
1595,102124134,-42
1596,102124320,-42
1597,102124440,-42
1598,102124533,-42
1599,102126086,-42
1600,102126654,-42
1601,102126765,-42
1602,102126894,-42
1603,102126978,-42
1604,102127080,-42
1605,102127209,-42
1606,102127302,-42
1607,102127413,-42
1608,102127626,-42
1609,102127746,-42
1610,102127857,-42
1611,102127977,-42
1612,102128195,-42
1613,102130835,-42
1614,102130955,-42
1615,102131066,-42
1616,102131381,-42
1617,102131501,-42
1618,102135107,-42
1619,102135555,-42
1620,102135657,-42
1621,102135990,-42
1622,102136158,-42
1623,102136292,-42
1624,102141026,-42
1625,102141146,-42
1626,102141280,-42
1627,102141417,-42
1628,102141724,-42
1629,102144017,-42
1630,102144119,-42
1631,102144221,-42
1632,102144461,-42
1633,102144563,-42
1634,102144656,-42
1635,102144758,-42
1636,102144851,-42
1637,102144953,-42
1638,102145037,-42
1639,102145148,-42
1640,102145259,-42
1641,102148224,-42
1642,102148335,-42
1643,102148437,-42
1644,102148548,-42
1645,102148641,-42
1646,102148734,-42
1647,102156185,-42
1648,102156314,-42
1649,102156425,-42
1650,102156536,-42
1651,102156655,-42
1652,102156757,-42
1653,102156859,-42
1654,102156944,-42
1655,102157054,-42
1656,102157231,-42
1657,102157453,-42
1658,102157634,-42
1659,102158991,-42
1660,102159111,-42
1661,102159222,-42
1662,102159342,-42
1663,102162494,-42
1664,102162596,-42
1665,102162707,-42
1666,102162872,-42
1667,102162965,-42
1668,102163140,-42
1669,102163224,-42
1670,102163326,-42
1671,102163437,-42
1672,102163530,-42
1673,102166478,-42
1674,102167880,-42
1675,102167991,-42
1676,102168084,-42
1677,102170325,-42
1678,102170436,-42
1679,102170556,-42
1680,102170891,-42
1681,102171002,-42
1682,102171095,-42
1683,102171342,-42
1684,102171498,-42
1685,102171609,-42
1686,102171711,-42
1687,102171804,-42
1688,102171933,-42
1689,102172017,-42
1690,102172101,-42
1691,102172212,-42
1692,102172332,-42
1693,102172434,-42
1694,102172545,-42
1695,102172683,-42
1696,102172830,-42
1697,102177079,-42
1698,102177199,-42
1699,102177328,-42
1700,102177430,-42
1701,102177532,-42
1702,102177625,-42
1703,102177709,-42
1704,102177811,-42
1705,102177931,-42
1706,102178051,-42
1707,102178144,-42
1708,102181131,-42
1709,102181282,-42
1710,102181366,-42
1711,102181486,-42
1712,102181597,-42
1713,102181681,-42
1714,102181774,-42
1715,102181858,-42
1716,102181951,-42
1717,102185876,-42
1718,102190517,-42
1719,102190811,-42
1720,102191085,-42
1721,102191196,-42
1722,102191316,-42
1723,102199908,-42
1724,102200010,-42
1725,102200094,-42
1726,102200214,-42
1727,102200316,-42
1728,102200409,-42
1729,102200529,-42
1730,102202711,-42
1731,102202822,-42
1732,102202933,-42
1733,102203107,-42
1734,102207155,-42
1735,102207266,-42
1736,102207404,-41
1737,102207524,-42
1738,102207644,-42
1739,102207782,-42
1740,102207884,-42
1741,102208022,-42
1742,102208133,-42
1743,102210571,-42
1744,102210682,-42
1745,102210775,-42
1746,102210877,-42
1747,102211463,-42
1748,102211969,-42
1749,102212053,-42
1750,102212191,-42
1751,102212293,-42
1752,102212431,-42
1753,102217954,-42
1754,102220514,-42
1755,102220854,-42
1756,102224872,-42
1757,102225120,-42
1758,102225222,-42
1759,102225306,-42
1760,102225513,-42
1761,102225606,-42
1762,102225690,-42
1763,102225801,-42
1764,102225912,-42
1765,102226349,-42
1766,102232970,-42
1767,102234113,-42
1768,102234233,-42
1769,102234335,-42
1770,102234428,-42
1771,102234539,-42
1772,102234623,-42
1773,102234761,-42
1774,102234863,-42
1775,102234947,-42
1776,102235040,-42
1777,102235187,-42
1778,102235307,-42
1779,102235514,-42
1780,102244991,-42
1781,102247427,-42
1782,102252795,-42
1783,102253151,-42
1784,102254566,-42
1785,102255954,-42
1786,102256302,-42
1787,102256506,-42
1788,102258920,-42
1789,102259022,-42
1790,102259160,-42
1791,102259262,-42
1792,102259382,-42
1793,102259511,-42
1794,102259622,-42
1795,102259715,-42
1796,102259808,-42
1797,102259943,-42
1798,102260054,-42
1799,102261140,-42
1800,102262613,-42
1801,102262995,-42
1802,102264901,-42
1803,102265075,-42
1804,102265279,-42
1805,102265548,-42
1806,102265706,-42
1807,102265826,-42
1808,102265919,-42
1809,102266030,-42
1810,102266132,-42
1811,102266243,-42
1812,102266519,-42
1813,102266657,-42
1814,102266750,-42
1815,102266897,-42
1816,102266999,-41
1817,102267214,-42
1818,102267462,-42
1819,102267591,-42
1820,102267711,-42
1821,102267822,-42
1822,102267915,-42
1823,102268017,-42
1824,102268146,-42
1825,102268309,-42
1826,102268522,-41
1827,102268633,-42
1828,102269099,-42
1829,102272832,-42
1830,102272961,-42
1831,102273575,-42
1832,102273705,-42
1833,102273834,-42
1834,102274032,-42
1835,102274178,-42
1836,102274418,-42
1837,102274520,-42
1838,102274613,-42
1839,102274697,-42
1840,102274781,-42
1841,102274892,-42
1842,102275003,-42
1843,102275114,-42
1844,102275207,-42
1845,102275318,-42
1846,102275438,-42
1847,102275556,-42
1848,102275649,-42
1849,102275799,-42
1850,102276003,-42
1851,102276445,-42
1852,102278394,-42
1853,102278505,-42
1854,102278691,-42
1855,102279528,-41
1856,102280136,-42
1857,102280229,-42
1858,102280331,-42
1859,102280460,-42
1860,102280580,-42
1861,102280700,-42
1862,102281195,-42
1863,102281306,-41
1864,102281550,-42
1865,102281634,-42
1866,102281808,-42
1867,102281963,-42
1868,102283301,-42
1869,102283421,-42
1870,102283532,-42
1871,102283643,-42
1872,102283754,-42
1873,102284030,-42
1874,102284141,-42
1875,102284252,-42
1876,102284345,-42
1877,102284438,-42
1878,102284531,-42
1879,102284660,-42
1880,102284780,-42
1881,102284864,-42
1882,102284966,-42
1883,102285077,-42
1884,102285170,-42
1885,102285557,-42
1886,102285686,-42
1887,102285797,-42
1888,102285890,-42
1889,102285992,-42
1890,102286130,-42
1891,102286370,-42
1892,102286472,-41
1893,102286574,-42
1894,102286776,-42
1895,102286878,-42
1896,102286962,-42
1897,102287055,-42
1898,102287157,-42
1899,102287268,-42
1900,102288782,-42
1901,102289672,-42
1902,102289930,-42
1903,102290041,-42
1904,102290152,-42
1905,102290263,-42
1906,102290383,-42
1907,102290485,-42
1908,102290596,-42
1909,102290698,-42
1910,102290854,-42
1911,102291017,-42
1912,102291110,-42
1913,102291221,-42
1914,102291359,-42
1915,102291587,-42
1916,102291698,-42
1917,102291800,-42
1918,102291902,-42
1919,102292004,-42
1920,102292115,-42
1921,102292217,-42
1922,102292346,-42
1923,102292439,-42
1924,102292532,-42
1925,102292643,-42
1926,102292799,-42
1927,102293183,-42
1928,102293285,-42
1929,102293414,-42
1930,102293525,-42
1931,102296247,-42
1932,102299462,-42
1933,102299582,-42
1934,102299828,-42
1935,102302043,-42
1936,102305214,-42
1937,102305579,-42
1938,102306443,-42
1939,102309178,-42
1940,102309298,-42
1941,102309426,-42
1942,102309510,-42
1943,102309594,-42
1944,102309687,-42
1945,102310106,-42
1946,102310909,-42
1947,102311002,-42
1948,102311830,-42
1949,102312154,-42
1950,102312256,-42
1951,102312376,-42
1952,102312469,-42
1953,102312626,-42
1954,102312784,-42
1955,102312934,-42
1956,102313027,-42
1957,102313174,-42
1958,102313432,-42
1959,102313561,-42
1960,102313699,-42
1961,102313855,-42
1962,102313957,-42
1963,102315853,-42
1964,102315973,-41
1965,102316075,-42
1966,102316297,-42
1967,102316435,-42
1968,102316537,-42
1969,102316893,-42
1970,102317928,-42
1971,102318168,-42
1972,102318270,-42
1973,102318390,-42
1974,102318501,-42
1975,102318603,-42
1976,102318705,-42
1977,102318789,-42
1978,102318918,-42
1979,102319029,-42
1980,102319140,-42
1981,102319242,-42
1982,102319380,-42
1983,102319580,-42
1984,102320110,-42
1985,102320194,-42
1986,102320287,-42
1987,102320454,-42
1988,102320547,-42
1989,102320861,-42
1990,102320954,-42
1991,102321047,-42
1992,102321149,-42
1993,102321242,-42
1994,102321326,-42
1995,102321455,-42
1996,102321659,-42
1997,102321778,-42
1998,102321880,-42
1999,102321982,-42
2000,102322084,-42
2001,102322213,-42
2002,102322498,-42
2003,102322600,-42
2004,102323015,-42
2005,102324155,-42
2006,102328204,-42
2007,102328297,-42
2008,102328408,-42
2009,102328537,-42
2010,102328657,-42
2011,102328750,-42
2012,102329194,-42
2013,102330100,-42
2014,102330321,-42
2015,102330577,-42
2016,102332725,-42
2017,102332818,-42
2018,102333099,-42
2019,102333219,-42
2020,102333312,-42
2021,102333414,-42
2022,102333507,-41
2023,102333600,-42
2024,102333684,-42
2025,102333831,-42
2026,102333951,-42
2027,102334080,-42
2028,102334191,-42
2029,102335751,-42
2030,102335862,-42
2031,102336000,-42
2032,102336162,-42
2033,102336255,-42
2034,102336366,-42
2035,102336477,-42
2036,102336579,-42
2037,102336681,-42
2038,102336849,-42
2039,102337006,-42
2040,102337099,-42
2041,102337522,-42
2042,102339605,-42
2043,102339812,-42
2044,102339987,-42
2045,102340080,-42
2046,102340173,-42
2047,102340266,-42
2048,102340368,-42
2049,102340497,-42
2050,102340699,-42
2051,102340792,-42
2052,102340903,-42
2053,102340987,-42
2054,102341210,-42
2055,102341446,-42
2056,102341745,-42
2057,102341829,-42
2058,102341922,-42
2059,102342024,-42
2060,102342117,-42
2061,102342219,-42
2062,102342339,-42
2063,102342468,-42
2064,102342570,-42
2065,102342663,-42
2066,102342801,-42
2067,102342894,-41
2068,102343005,-42
2069,102343116,-42
2070,102343218,-42
2071,102343347,-42
2072,102343494,-42
2073,102344860,-42
2074,102344971,-42
2075,102345082,-42
2076,102345175,-42
2077,102345286,-42
2078,102345856,-42
2079,102345958,-42
2080,102346087,-42
2081,102346207,-42
2082,102346354,-42
2083,102346456,-42
2084,102347597,-42
2085,102348786,-42
2086,102348897,-42
2087,102349017,-42
2088,102349110,-42
2089,102349212,-42
2090,102352816,-42
2091,102352945,-42
2092,102353065,-42
2093,102354583,-42
2094,102354759,-42
2095,102354907,-42
2096,102354991,-42
2097,102355111,-42
2098,102355213,-42
2099,102355333,-42
2100,102355453,-42
2101,102355555,-42
2102,102355657,-42
2103,102355759,-42
2104,102355843,-42
2105,102356933,-42
2106,102357044,-42
2107,102357155,-42
2108,102357275,-42
2109,102357422,-42
2110,102357542,-42
2111,102357671,-41
2112,102357782,-42
2113,102357875,-42
2114,102358288,-42
2115,102358408,-42
2116,102358548,-42
2117,102358751,-42
2118,102358914,-42
2119,102359025,-42
2120,102359136,-42
2121,102359395,-42
2122,102359506,-42
2123,102359599,-42
2124,102359751,-42
2125,102360835,-42
2126,102360946,-42
2127,102361057,-42
2128,102361141,-42
2129,102361252,-42
2130,102361917,-42
2131,102362019,-42
2132,102362130,-42
2133,102362316,-42
2134,102362400,-42
2135,102362511,-42
2136,102362604,-42
2137,102362697,-42
2138,102362790,-42
2139,102362901,-42
2140,102362994,-42
2141,102363114,-42
2142,102363234,-42
2143,102363621,-42
2144,102363750,-42
2145,102363852,-42
2146,102363999,-42
2147,102364110,-42
2148,102364239,-42
2149,102365940,-42
2150,102366051,-42
2151,102366198,-42
2152,102366402,-42
2153,102366486,-42
2154,102366624,-42
2155,102366762,-42
2156,102367285,-42
2157,102367378,-42
2158,102367471,-42
2159,102367582,-42
2160,102367765,-42
2161,102367894,-42
2162,102367978,-42
2163,102368080,-42
2164,102368191,-42
2165,102368621,-42
2166,102368784,-42
2167,102368877,-42
2168,102370709,-41
2169,102370949,-42
2170,102371060,-42
2171,102371162,-42
2172,102371291,-42
2173,102371658,-42
2174,102373363,-42
2175,102373447,-42
2176,102373585,-42
2177,102373807,-42
2178,102373909,-42
2179,102374011,-42
2180,102374122,-42
2181,102374206,-42
2182,102374446,-42
2183,102374530,-42
2184,102374650,-42
2185,102374761,-42
2186,102374863,-42
2187,102374965,-42
2188,102375058,-42
2189,102375192,-42
2190,102375321,-42
2191,102375844,-42
2192,102375955,-42
2193,102376093,-42
2194,102376229,-42
2195,102376331,-42
2196,102376416,-42
2197,102376508,-42
2198,102376628,-42
2199,102376793,-42
2200,102376904,-42
2201,102376998,-42
2202,102377108,-42
2203,102377193,-42
2204,102377496,-42
2205,102377761,-42
2206,102378078,-42
2207,102378180,-42
2208,102378618,-42
2209,102379151,-42
2210,102379423,-42
2211,102379525,-42
2212,102379663,-42
2213,102379774,-42
2214,102379885,-42
2215,102379996,-42
2216,102380107,-42
2217,102380209,-42
2218,102380320,-42
2219,102380404,-42
2220,102380524,-42
2221,102380653,-42
2222,102380773,-42
2223,102380875,-42
2224,102380986,-42
2225,102381156,-42
2226,102381258,-42
2227,102381369,-42
2228,102381471,-42
2229,102381591,-42
2230,102381702,-42
2231,102381840,-42
2232,102381960,-42
2233,102382080,-42
2234,102382218,-42
2235,102382417,-42
2236,102383390,-42
2237,102383483,-42
2238,102383621,-42
2239,102383732,-42
2240,102383843,-42
2241,102383945,-42
2242,102384029,-42
2243,102384131,-42
2244,102384233,-42
2245,102384353,-42
2246,102384464,-42
2247,102384566,-42
2248,102384668,-42
2249,102385062,-41
2250,102387035,-42
2251,102387374,-42
2252,102387551,-42
2253,102387689,-42
2254,102387973,-42
2255,102388066,-42
2256,102389100,-42
2257,102389202,-42
2258,102389451,-42
2259,102389571,-42
2260,102389691,-42
2261,102389802,-42
2262,102389904,-42
2263,102389997,-42
2264,102390107,-42
2265,102390249,-42
2266,102390351,-42
2267,102390444,-42
2268,102390528,-42
2269,102390684,-42
2270,102390795,-42
2271,102390915,-42
2272,102391035,-42
2273,102391248,-42
2274,102391368,-42
2275,102391452,-42
2276,102391611,-42
2277,102391776,-42
2278,102391878,-42
2279,102391971,-42
2280,102392064,-42
2281,102392157,-42
2282,102392241,-42
2283,102392463,-42
2284,102392556,-42
2285,102392649,-42
2286,102392733,-42
2287,102392835,-42
2288,102392928,-42
2289,102393039,-42
2290,102393132,-42
2291,102393243,-42
2292,102393381,-42
2293,102393537,-42
2294,102393639,-42
2295,102393768,-42
2296,102393879,-42
2297,102393963,-42
2298,102394065,-42
2299,102394158,-42
2300,102394509,-42
2301,102394611,-42
2302,102394713,-42
2303,102394797,-42
2304,102394908,-42
2305,102395010,-42
2306,102395103,-42
2307,102395196,-42
2308,102395298,-42
2309,102395928,-42
2310,102396012,-42
2311,102398610,-42
2312,102399943,-42
2313,102402094,-42
2314,102402196,-42
2315,102402289,-42
2316,102405265,-42
2317,102405358,-42
2318,102405860,-42
2319,102405962,-42
2320,102407507,-42
2321,102407618,-42
2322,102407747,-42
2323,102407858,-42
2324,102407942,-42
2325,102408026,-42
2326,102408173,-42
2327,102408368,-42
2328,102408488,-42
2329,102408617,-42
2330,102408755,-42
2331,102408857,-42
2332,102408977,-42
2333,102409079,-42
2334,102409199,-42
2335,102409328,-42
2336,102409457,-42
2337,102409568,-42
2338,102409670,-42
2339,102409808,-42
2340,102409901,-42
2341,102410792,-42
2342,102411128,-42
2343,102411212,-42
2344,102411314,-42
2345,102411931,-42
2346,102412024,-42
2347,102412153,-42
2348,102412548,-42
2349,102413399,-42
2350,102413913,-42
2351,102414024,-42
2352,102414108,-42
2353,102414192,-42
2354,102414294,-42
2355,102414441,-42
2356,102414525,-42
2357,102414636,-42
2358,102414738,-42
2359,102414849,-42
2360,102414942,-42
2361,102415035,-42
2362,102415146,-42
2363,102415230,-42
2364,102415372,-42
2365,102415612,-42
2366,102415714,-42
2367,102415825,-42
2368,102415945,-42
2369,102416083,-42
2370,102416212,-42
2371,102416305,-42
2372,102416461,-42
2373,102416599,-42
2374,102416710,-42
2375,102416848,-42
2376,102416950,-42
2377,102417070,-42
2378,102417301,-42
2379,102417429,-42
2380,102417565,-42
2381,102417658,-42
2382,102417769,-42
2383,102417925,-42
2384,102418018,-42
2385,102418120,-42
2386,102418222,-42
2387,102418480,-42
2388,102418609,-42
2389,102418729,-42
2390,102418849,-42
2391,102419005,-42
2392,102419125,-42
2393,102419245,-42
2394,102419338,-42
2395,102419503,-42
2396,102419650,-42
2397,102419761,-42
2398,102419863,-42
2399,102419974,-42
2400,102420103,-42
2401,102420540,-42
2402,102420651,-42
2403,102420771,-42
2404,102420873,-42
2405,102420966,-42
2406,102421050,-42
2407,102421161,-42
2408,102421281,-42
2409,102421383,-42
2410,102421512,-42
2411,102421623,-42
2412,102421734,-42
2413,102421818,-42
2414,102421929,-42
2415,102422429,-42
2416,102424449,-42
2417,102424542,-42
2418,102424653,-42
2419,102424755,-42
2420,102424866,-42
2421,102424977,-42
2422,102425079,-42
2423,102425199,-42
2424,102425310,-42
2425,102425430,-42
2426,102425514,-42
2427,102425652,-42
2428,102425754,-42
2429,102425838,-42
2430,102425931,-42
2431,102426042,-42
2432,102426189,-42
2433,102426384,-42
2434,102426486,-42
2435,102426615,-42
2436,102427716,-42
2437,102427818,-42
2438,102427902,-42
2439,102431285,-42
2440,102431405,-42
2441,102431589,-42
2442,102431682,-42
2443,102431853,-42
2444,102432055,-42
2445,102432243,-42
2446,102432362,-42
2447,102432948,-42
2448,102433066,-42
2449,102433803,-42
2450,102433896,-42
2451,102433989,-42
2452,102434082,-42
2453,102434220,-42
2454,102434331,-42
2455,102434469,-42
2456,102434616,-42
2457,102434745,-42
2458,102434847,-42
2459,102434976,-42
2460,102435087,-42
2461,102435180,-42
2462,102435366,-42
2463,102435468,-42
2464,102435606,-42
2465,102435717,-42
2466,102435810,-42
2467,102435903,-42
2468,102436005,-42
2469,102436089,-42
2470,102436209,-42
2471,102436338,-42
2472,102436476,-42
2473,102436578,-42
2474,102436680,-42
2475,102436773,-42
2476,102436902,-42
2477,102436995,-42
2478,102437079,-42
2479,102437199,-42
2480,102437412,-42
2481,102437523,-42
2482,102437643,-42
2483,102437772,-42
2484,102437874,-42
2485,102437985,-42
2486,102438105,-42
2487,102438198,-42
2488,102438291,-42
2489,102438504,-42
2490,102438624,-42
2491,102438762,-42
2492,102438927,-42
2493,102439038,-42
2494,102439149,-42
2495,102439335,-42
2496,102439455,-42
2497,102439557,-42
2498,102439641,-42
2499,102439770,-42
2500,102439872,-42
2501,102439974,-42
2502,102440085,-42
2503,102440196,-42
2504,102440280,-42
2505,102440400,-42
2506,102440520,-42
2507,102440950,-42
2508,102441034,-42
2509,102441154,-41
2510,102441265,-42
2511,102441542,-42
2512,102441644,-42
2513,102441728,-42
2514,102441812,-42
2515,102442143,-42
2516,102442245,-42
2517,102443339,-42
2518,102445626,-42
2519,102445728,-42
2520,102445892,-42
2521,102446038,-42
2522,102446149,-42
2523,102446242,-42
2524,102446656,-42
2525,102446880,-42
2526,102446991,-42
2527,102447084,-41
2528,102447168,-42
2529,102447279,-42
2530,102447417,-42
2531,102447546,-42
2532,102447630,-42
2533,102447749,-42
2534,102447834,-42
2535,102447944,-42
2536,102448055,-42
2537,102448140,-42
2538,102448250,-42
2539,102448388,-42
2540,102448535,-42
2541,102448647,-42
2542,102448766,-42
2543,102448868,-42
2544,102448953,-42
2545,102449045,-42
2546,102449174,-42
2547,102449267,-42
2548,102449406,-42
2549,102449498,-42
2550,102451451,-42
2551,102452688,-42
2552,102452790,-42
2553,102452883,-42
2554,102453331,-42
2555,102453424,-42
2556,102453526,-42
2557,102453655,-42
2558,102453757,-42
2559,102453859,-42
2560,102453961,-42
2561,102454063,-42
2562,102454165,-42
2563,102454258,-41
2564,102454507,-42
2565,102455193,-42
2566,102455349,-42
2567,102455460,-42
2568,102455580,-42
2569,102455709,-42
2570,102455820,-42
2571,102456024,-42
2572,102456144,-42
2573,102456264,-42
2574,102456495,-42
2575,102456893,-42
2576,102458508,-42
2577,102459387,-42
2578,102459577,-42
2579,102459884,-42
2580,102461287,-42
2581,102461407,-42
2582,102461536,-42
2583,102461620,-42
2584,102461772,-42
2585,102461935,-42
2586,102462037,-42
2587,102462148,-42
2588,102462232,-42
2589,102462379,-42
2590,102462463,-42
2591,102462565,-42
2592,102462685,-42
2593,102462823,-42
2594,102462934,-42
2595,102463036,-42
2596,102463120,-42
2597,102463213,-42
2598,102463297,-42
2599,102463417,-42
2600,102463519,-42
2601,102463612,-42
2602,102463696,-42
2603,102463816,-42
2604,102463918,-42
2605,102464056,-42
2606,102464140,-42
2607,102464233,-42
2608,102464389,-42
2609,102464500,-42
2610,102464611,-42
2611,102464713,-42
2612,102464824,-42
2613,102464926,-42
2614,102465019,-42
2615,102465130,-42
2616,102465223,-42
2617,102465361,-42
2618,102465463,-42
2619,102465574,-42
2620,102465667,-42
2621,102465751,-42
2622,102465844,-42
2623,102465955,-42
2624,102466057,-42
2625,102466168,-42
2626,102466266,-42
2627,102466413,-42
2628,102466506,-42
2629,102466599,-42
2630,102466701,-42
2631,102466794,-42
2632,102466905,-42
2633,102466989,-42
2634,102467073,-42
2635,102467202,-42
2636,102467322,-42
2637,102467415,-42
2638,102467508,-42
2639,102467619,-42
2640,102467712,-42
2641,102468006,-42
2642,102468451,-42
2643,102468571,-42
2644,102468939,-42
2645,102469078,-42
2646,102469218,-42
2647,102469329,-42
2648,102469440,-42
2649,102469533,-42
2650,102469653,-42
2651,102469764,-42
2652,102471469,-42
2653,102471580,-42
2654,102471709,-42
2655,102471802,-42
2656,102471922,-42
2657,102472006,-42
2658,102472099,-42
2659,102473363,-42
2660,102473447,-41
2661,102473540,-42
2662,102473642,-42
2663,102473753,-42
2664,102473891,-42
2665,102474112,-42
2666,102474205,-42
2667,102474289,-42
2668,102474391,-42
2669,102474520,-42
2670,102474613,-42
2671,102474706,-42
2672,102474954,-42
2673,102475065,-42
2674,102475149,-42
2675,102475287,-42
2676,102475407,-42
2677,102475509,-42
2678,102475593,-42
2679,102475677,-42
2680,102475779,-42
2681,102475881,-41
2682,102475992,-42
2683,102476085,-42
2684,102476196,-42
2685,102476307,-42
2686,102476400,-42
2687,102476493,-42
2688,102476595,-42
2689,102477344,-42
2690,102478237,-42
2691,102478549,-42
